ô;ô;ô
1 text;";";<br>1</br>
2 text;1;<br>1</br>
3 text;3;<br>1</br>
4 text;5;<br>1</br>
5 text;7;<br>1</br>
6 text;9;qwerty
7 text;11;<br>1</br>
8 text;13;<br>1</br>
9 text;15;<br>1</br>
10 text;17;<br>1</br>
11 text;19;<br>1</br>
12 text;21;<br>1</br>
13 text;23;<br>1</br>
14 text;25;<br>1</br>
15 text;;<br>1</br>
16 text;";";qwerty
17 text;31;<br>1</br>
18 text;33;<br>1</br>
19 text;35;<br>1</br>
20 text;37;<br>1</br>
21 text;39;<br>1</br>
22 text;41;<br>1</br>
23 text;43;<br>1</br>
24 text;45;<br>1</br>
25 text;47;<br>1</br>
26 text;49;<br>1</br>
27 text;51;<br>1</br>
28 text;53;<br>1</br>
29 text;55;<br>1</br>
30 text;57;<br>1</br>
31 text;59;<br>1</br>
32 text;61;<br>1</br>
33 text;63;<br>1</br>
34 text;65;<br>1</br>
35 text;67;<br>1</br>
36 text;69;<br>1</br>
37 text;71;<br>1</br>
38 text;73;<br>1</br>
39 text;75;<br>1</br>
40 text;77;<br>1</br>
41 text;79;<br>1</br>
42 text;81;<br>1</br>
43 text;83;<br>1</br>
44 text;85;<br>1</br>
45 text;87;<br>1</br>
46 text;89;<br>1</br>
47 text;91;<br>1</br>
48 text;93;<br>1</br>
49 text;95;<br>1</br>
50 text;97;<br>1</br>
51 text;99;<br>1</br>
52 text;101;<br>1</br>
53 text;103;<br>1</br>
54 text;105;<br>1</br>
55 text;107;<br>1</br>
56 text;109;<br>1</br>
57 text;111;<br>1</br>
58 text;113;<br>1</br>
59 text;115;<br>1</br>
60 text;117;<br>1</br>
61 text;119;<br>1</br>
62 text;121;<br>1</br>
63 text;123;<br>1</br>
64 text;125;<br>1</br>
65 text;127;<br>1</br>
66 text;129;<br>1</br>
67 text;131;<br>1</br>
68 text;133;<br>1</br>
69 text;135;<br>1</br>
70 text;137;<br>1</br>
71 text;139;<br>1</br>
72 text;141;<br>1</br>
73 text;143;<br>1</br>
74 text;145;<br>1</br>
75 text;147;<br>1</br>
76 text;149;<br>1</br>
77 text;151;<br>1</br>
78 text;153;<br>1</br>
79 text;155;<br>1</br>
80 text;157;<br>1</br>
81 text;159;<br>1</br>
82 text;161;<br>1</br>
83 text;163;<br>1</br>
84 text;165;<br>1</br>
85 text;167;<br>1</br>
86 text;169;<br>1</br>
87 text;171;<br>1</br>
88 text;173;<br>1</br>
89 text;175;<br>1</br>
90 text;177;<br>1</br>
91 text;179;<br>1</br>
92 text;181;<br>1</br>
93 text;183;<br>1</br>
94 text;185;<br>1</br>
95 text;187;<br>1</br>
96 text;189;<br>1</br>
97 text;191;<br>1</br>
98 text;193;<br>1</br>
99 text;195;<br>1</br>
100 text;197;<br>1</br>
101 text;199;<br>1</br>
102 text;201;<br>1</br>
103 text;203;<br>1</br>
104 text;205;<br>1</br>
105 text;207;<br>1</br>
106 text;209;<br>1</br>
107 text;211;<br>1</br>
108 text;213;<br>1</br>
109 text;215;<br>1</br>
110 text;217;<br>1</br>
111 text;219;<br>1</br>
112 text;221;<br>1</br>
113 text;223;<br>1</br>
114 text;225;<br>1</br>
115 text;227;<br>1</br>
116 text;229;<br>1</br>
117 text;231;<br>1</br>
118 text;233;<br>1</br>
119 text;235;<br>1</br>
120 text;237;<br>1</br>
121 text;239;<br>1</br>
122 text;241;<br>1</br>
123 text;243;<br>1</br>
124 text;245;<br>1</br>
125 text;247;<br>1</br>
126 text;249;<br>1</br>
127 text;251;<br>1</br>
128 text;253;<br>1</br>
129 text;255;<br>1</br>
130 text;257;<br>1</br>
131 text;259;<br>1</br>
132 text;261;<br>1</br>
133 text;263;<br>1</br>
134 text;265;<br>1</br>
135 text;267;<br>1</br>
136 text;269;<br>1</br>
137 text;271;<br>1</br>
138 text;273;<br>1</br>
139 text;275;<br>1</br>
140 text;277;<br>1</br>
141 text;279;<br>1</br>
142 text;281;<br>1</br>
143 text;283;<br>1</br>
144 text;285;<br>1</br>
145 text;287;<br>1</br>
146 text;289;<br>1</br>
147 text;291;<br>1</br>
148 text;293;<br>1</br>
149 text;295;<br>1</br>
150 text;297;<br>1</br>
151 text;299;<br>1</br>
152 text;301;<br>1</br>
153 text;303;<br>1</br>
154 text;305;<br>1</br>
155 text;307;<br>1</br>
156 text;309;<br>1</br>
157 text;311;<br>1</br>
158 text;313;<br>1</br>
159 text;315;<br>1</br>
160 text;317;<br>1</br>
161 text;319;<br>1</br>
162 text;321;<br>1</br>
163 text;323;<br>1</br>
164 text;325;<br>1</br>
165 text;327;<br>1</br>
166 text;329;<br>1</br>
167 text;331;<br>1</br>
168 text;333;<br>1</br>
169 text;335;<br>1</br>
170 text;337;<br>1</br>
171 text;339;<br>1</br>
172 text;341;<br>1</br>
173 text;343;<br>1</br>
174 text;345;<br>1</br>
175 text;347;<br>1</br>
176 text;349;<br>1</br>
177 text;351;<br>1</br>
178 text;353;<br>1</br>
179 text;355;<br>1</br>
180 text;357;<br>1</br>
181 text;359;<br>1</br>
182 text;361;<br>1</br>
183 text;363;<br>1</br>
184 text;365;<br>1</br>
185 text;367;<br>1</br>
186 text;369;<br>1</br>
187 text;371;<br>1</br>
188 text;373;<br>1</br>
189 text;375;<br>1</br>
190 text;377;<br>1</br>
191 text;379;<br>1</br>
192 text;381;<br>1</br>
193 text;383;<br>1</br>
194 text;385;<br>1</br>
195 text;387;<br>1</br>
196 text;389;<br>1</br>
197 text;391;<br>1</br>
198 text;393;<br>1</br>
199 text;395;<br>1</br>
200 text;397;<br>1</br>
201 text;399;<br>1</br>
202 text;401;<br>1</br>
203 text;403;<br>1</br>
204 text;405;<br>1</br>
205 text;407;<br>1</br>
206 text;409;<br>1</br>
207 text;411;<br>1</br>
208 text;413;<br>1</br>
209 text;415;<br>1</br>
210 text;417;<br>1</br>
211 text;419;<br>1</br>
212 text;421;<br>1</br>
213 text;423;<br>1</br>
214 text;425;<br>1</br>
215 text;427;<br>1</br>
216 text;429;<br>1</br>
217 text;431;<br>1</br>
218 text;433;<br>1</br>
219 text;435;<br>1</br>
220 text;437;<br>1</br>
221 text;439;<br>1</br>
222 text;441;<br>1</br>
223 text;443;<br>1</br>
224 text;445;<br>1</br>
225 text;447;<br>1</br>
226 text;449;<br>1</br>
227 text;451;<br>1</br>
228 text;453;<br>1</br>
229 text;455;<br>1</br>
230 text;457;<br>1</br>
231 text;459;<br>1</br>
232 text;461;<br>1</br>
233 text;463;<br>1</br>
234 text;465;<br>1</br>
235 text;467;<br>1</br>
236 text;469;<br>1</br>
237 text;471;<br>1</br>
238 text;473;<br>1</br>
239 text;475;<br>1</br>
240 text;477;<br>1</br>
241 text;479;<br>1</br>
242 text;481;<br>1</br>
243 text;483;<br>1</br>
244 text;485;<br>1</br>
245 text;487;<br>1</br>
246 text;489;<br>1</br>
247 text;491;<br>1</br>
248 text;493;<br>1</br>
249 text;495;<br>1</br>
250 text;497;<br>1</br>
251 text;499;<br>1</br>
252 text;501;<br>1</br>
253 text;503;<br>1</br>
254 text;505;<br>1</br>
255 text;507;<br>1</br>
256 text;509;<br>1</br>
257 text;511;<br>1</br>
258 text;513;<br>1</br>
259 text;515;<br>1</br>
260 text;517;<br>1</br>
261 text;519;<br>1</br>
262 text;521;<br>1</br>
263 text;523;<br>1</br>
264 text;525;<br>1</br>
265 text;527;<br>1</br>
266 text;529;<br>1</br>
267 text;531;<br>1</br>
268 text;533;<br>1</br>
269 text;535;<br>1</br>
270 text;537;<br>1</br>
271 text;539;<br>1</br>
272 text;541;<br>1</br>
273 text;543;<br>1</br>
274 text;545;<br>1</br>
275 text;547;<br>1</br>
276 text;549;<br>1</br>
277 text;551;<br>1</br>
278 text;553;<br>1</br>
279 text;555;<br>1</br>
280 text;557;<br>1</br>
281 text;559;<br>1</br>
282 text;561;<br>1</br>
283 text;563;<br>1</br>
284 text;565;<br>1</br>
285 text;567;<br>1</br>
286 text;569;<br>1</br>
287 text;571;<br>1</br>
288 text;573;<br>1</br>
289 text;575;<br>1</br>
290 text;577;<br>1</br>
291 text;579;<br>1</br>
292 text;581;<br>1</br>
293 text;583;<br>1</br>
294 text;585;<br>1</br>
295 text;587;<br>1</br>
296 text;589;<br>1</br>
297 text;591;<br>1</br>
298 text;593;<br>1</br>
299 text;595;<br>1</br>
300 text;597;<br>1</br>
301 text;599;<br>1</br>
302 text;601;<br>1</br>
303 text;603;<br>1</br>
304 text;605;<br>1</br>
305 text;607;<br>1</br>
306 text;609;<br>1</br>
307 text;611;<br>1</br>
308 text;613;<br>1</br>
309 text;615;<br>1</br>
310 text;617;<br>1</br>
311 text;619;<br>1</br>
312 text;621;<br>1</br>
313 text;623;<br>1</br>
314 text;625;<br>1</br>
315 text;627;<br>1</br>
316 text;629;<br>1</br>
317 text;631;<br>1</br>
318 text;633;<br>1</br>
319 text;635;<br>1</br>
320 text;637;<br>1</br>
321 text;639;<br>1</br>
322 text;641;<br>1</br>
323 text;643;<br>1</br>
324 text;645;<br>1</br>
325 text;647;<br>1</br>
326 text;649;<br>1</br>
327 text;651;<br>1</br>
328 text;653;<br>1</br>
329 text;655;<br>1</br>
330 text;657;<br>1</br>
331 text;659;<br>1</br>
332 text;661;<br>1</br>
333 text;663;<br>1</br>
334 text;665;<br>1</br>
335 text;667;<br>1</br>
336 text;669;<br>1</br>
337 text;671;<br>1</br>
338 text;673;<br>1</br>
339 text;675;<br>1</br>
340 text;677;<br>1</br>
341 text;679;<br>1</br>
342 text;681;<br>1</br>
343 text;683;<br>1</br>
344 text;685;<br>1</br>
345 text;687;<br>1</br>
346 text;689;<br>1</br>
347 text;691;<br>1</br>
348 text;693;<br>1</br>
349 text;695;<br>1</br>
350 text;697;<br>1</br>
351 text;699;<br>1</br>
352 text;701;<br>1</br>
353 text;703;<br>1</br>
354 text;705;<br>1</br>
355 text;707;<br>1</br>
356 text;709;<br>1</br>
357 text;711;<br>1</br>
358 text;713;<br>1</br>
359 text;715;<br>1</br>
360 text;717;<br>1</br>
361 text;719;<br>1</br>
362 text;721;<br>1</br>
363 text;723;<br>1</br>
364 text;725;<br>1</br>
365 text;727;<br>1</br>
366 text;729;<br>1</br>
367 text;731;<br>1</br>
368 text;733;<br>1</br>
369 text;735;<br>1</br>
370 text;737;<br>1</br>
371 text;739;<br>1</br>
372 text;741;<br>1</br>
373 text;743;<br>1</br>
374 text;745;<br>1</br>
375 text;747;<br>1</br>
376 text;749;<br>1</br>
377 text;751;<br>1</br>
378 text;753;<br>1</br>
379 text;755;<br>1</br>
380 text;757;<br>1</br>
381 text;759;<br>1</br>
382 text;761;<br>1</br>
383 text;763;<br>1</br>
384 text;765;<br>1</br>
385 text;767;<br>1</br>
386 text;769;<br>1</br>
387 text;771;<br>1</br>
388 text;773;<br>1</br>
389 text;775;<br>1</br>
390 text;777;<br>1</br>
391 text;779;<br>1</br>
392 text;781;<br>1</br>
393 text;783;<br>1</br>
394 text;785;<br>1</br>
395 text;787;<br>1</br>
396 text;789;<br>1</br>
397 text;791;<br>1</br>
398 text;793;<br>1</br>
399 text;795;<br>1</br>
400 text;797;<br>1</br>
401 text;799;<br>1</br>
402 text;801;<br>1</br>
403 text;803;<br>1</br>
404 text;805;<br>1</br>
405 text;807;<br>1</br>
406 text;809;<br>1</br>
407 text;811;<br>1</br>
408 text;813;<br>1</br>
409 text;815;<br>1</br>
410 text;817;<br>1</br>
411 text;819;<br>1</br>
412 text;821;<br>1</br>
413 text;823;<br>1</br>
414 text;825;<br>1</br>
415 text;827;<br>1</br>
416 text;829;<br>1</br>
417 text;831;<br>1</br>
418 text;833;<br>1</br>
419 text;835;<br>1</br>
420 text;837;<br>1</br>
421 text;839;<br>1</br>
422 text;841;<br>1</br>
423 text;843;<br>1</br>
424 text;845;<br>1</br>
425 text;847;<br>1</br>
426 text;849;<br>1</br>
427 text;851;<br>1</br>
428 text;853;<br>1</br>
429 text;855;<br>1</br>
430 text;857;<br>1</br>
431 text;859;<br>1</br>
432 text;861;<br>1</br>
433 text;863;<br>1</br>
434 text;865;<br>1</br>
435 text;867;<br>1</br>
436 text;869;<br>1</br>
437 text;871;<br>1</br>
438 text;873;<br>1</br>
439 text;875;<br>1</br>
440 text;877;<br>1</br>
441 text;879;<br>1</br>
442 text;881;<br>1</br>
443 text;883;<br>1</br>
444 text;885;<br>1</br>
445 text;887;<br>1</br>
446 text;889;<br>1</br>
447 text;891;<br>1</br>
448 text;893;<br>1</br>
449 text;895;<br>1</br>
450 text;897;<br>1</br>
451 text;899;<br>1</br>
452 text;901;<br>1</br>
453 text;903;<br>1</br>
454 text;905;<br>1</br>
455 text;907;<br>1</br>
456 text;909;<br>1</br>
457 text;911;<br>1</br>
458 text;913;<br>1</br>
459 text;915;<br>1</br>
460 text;917;<br>1</br>
461 text;919;<br>1</br>
462 text;921;<br>1</br>
463 text;923;<br>1</br>
464 text;925;<br>1</br>
465 text;927;<br>1</br>
466 text;929;<br>1</br>
467 text;931;<br>1</br>
468 text;933;<br>1</br>
469 text;935;<br>1</br>
470 text;937;<br>1</br>
471 text;939;<br>1</br>
472 text;941;<br>1</br>
473 text;943;<br>1</br>
474 text;945;<br>1</br>
475 text;947;<br>1</br>
476 text;949;<br>1</br>
477 text;951;<br>1</br>
478 text;953;<br>1</br>
479 text;955;<br>1</br>
480 text;957;<br>1</br>
481 text;959;<br>1</br>
482 text;961;<br>1</br>
483 text;963;<br>1</br>
484 text;965;<br>1</br>
485 text;967;<br>1</br>
486 text;969;<br>1</br>
487 text;971;<br>1</br>
488 text;973;<br>1</br>
489 text;975;<br>1</br>
490 text;977;<br>1</br>
491 text;979;<br>1</br>
492 text;981;<br>1</br>
493 text;983;<br>1</br>
494 text;985;<br>1</br>
495 text;987;<br>1</br>
496 text;989;<br>1</br>
497 text;991;<br>1</br>
498 text;993;<br>1</br>
499 text;995;<br>1</br>
500 text;997;<br>1</br>
501 text;999;<br>1</br>
502 text;1001;<br>1</br>
503 text;1003;<br>1</br>
504 text;1005;<br>1</br>
505 text;1007;<br>1</br>
506 text;1009;<br>1</br>
507 text;1011;<br>1</br>
508 text;1013;<br>1</br>
509 text;1015;<br>1</br>
510 text;1017;<br>1</br>
511 text;1019;<br>1</br>
512 text;1021;<br>1</br>
513 text;1023;<br>1</br>
514 text;1025;<br>1</br>
515 text;1027;<br>1</br>
516 text;1029;<br>1</br>
517 text;1031;<br>1</br>
518 text;1033;<br>1</br>
519 text;1035;<br>1</br>
520 text;1037;<br>1</br>
521 text;1039;<br>1</br>
522 text;1041;<br>1</br>
523 text;1043;<br>1</br>
524 text;1045;<br>1</br>
525 text;1047;<br>1</br>
526 text;1049;<br>1</br>
527 text;1051;<br>1</br>
528 text;1053;<br>1</br>
529 text;1055;<br>1</br>
530 text;1057;<br>1</br>
531 text;1059;<br>1</br>
532 text;1061;<br>1</br>
533 text;1063;<br>1</br>
534 text;1065;<br>1</br>
535 text;1067;<br>1</br>
536 text;1069;<br>1</br>
537 text;1071;<br>1</br>
538 text;1073;<br>1</br>
539 text;1075;<br>1</br>
540 text;1077;<br>1</br>
541 text;1079;<br>1</br>
542 text;1081;<br>1</br>
543 text;1083;<br>1</br>
544 text;1085;<br>1</br>
545 text;1087;<br>1</br>
546 text;1089;<br>1</br>
547 text;1091;<br>1</br>
548 text;1093;<br>1</br>
549 text;1095;<br>1</br>
550 text;1097;<br>1</br>
551 text;1099;<br>1</br>
552 text;1101;<br>1</br>
553 text;1103;<br>1</br>
554 text;1105;<br>1</br>
555 text;1107;<br>1</br>
556 text;1109;<br>1</br>
557 text;1111;<br>1</br>
558 text;1113;<br>1</br>
559 text;1115;<br>1</br>
560 text;1117;<br>1</br>
561 text;1119;<br>1</br>
562 text;1121;<br>1</br>
563 text;1123;<br>1</br>
564 text;1125;<br>1</br>
565 text;1127;<br>1</br>
566 text;1129;<br>1</br>
567 text;1131;<br>1</br>
568 text;1133;<br>1</br>
569 text;1135;<br>1</br>
570 text;1137;<br>1</br>
571 text;1139;<br>1</br>
572 text;1141;<br>1</br>
573 text;1143;<br>1</br>
574 text;1145;<br>1</br>
575 text;1147;<br>1</br>
576 text;1149;<br>1</br>
577 text;1151;<br>1</br>
578 text;1153;<br>1</br>
579 text;1155;<br>1</br>
580 text;1157;<br>1</br>
581 text;1159;<br>1</br>
582 text;1161;<br>1</br>
583 text;1163;<br>1</br>
584 text;1165;<br>1</br>
585 text;1167;<br>1</br>
586 text;1169;<br>1</br>
587 text;1171;<br>1</br>
588 text;1173;<br>1</br>
589 text;1175;<br>1</br>
590 text;1177;<br>1</br>
591 text;1179;<br>1</br>
592 text;1181;<br>1</br>
593 text;1183;<br>1</br>
594 text;1185;<br>1</br>
595 text;1187;<br>1</br>
596 text;1189;<br>1</br>
597 text;1191;<br>1</br>
598 text;1193;<br>1</br>
599 text;1195;<br>1</br>
600 text;1197;<br>1</br>
601 text;1199;<br>1</br>
602 text;1201;<br>1</br>
603 text;1203;<br>1</br>
604 text;1205;<br>1</br>
605 text;1207;<br>1</br>
606 text;1209;<br>1</br>
607 text;1211;<br>1</br>
608 text;1213;<br>1</br>
609 text;1215;<br>1</br>
610 text;1217;<br>1</br>
611 text;1219;<br>1</br>
612 text;1221;<br>1</br>
613 text;1223;<br>1</br>
614 text;1225;<br>1</br>
615 text;1227;<br>1</br>
616 text;1229;<br>1</br>
617 text;1231;<br>1</br>
618 text;1233;<br>1</br>
619 text;1235;<br>1</br>
620 text;1237;<br>1</br>
621 text;1239;<br>1</br>
622 text;1241;<br>1</br>
623 text;1243;<br>1</br>
624 text;1245;<br>1</br>
625 text;1247;<br>1</br>
626 text;1249;<br>1</br>
627 text;1251;<br>1</br>
628 text;1253;<br>1</br>
629 text;1255;<br>1</br>
630 text;1257;<br>1</br>
631 text;1259;<br>1</br>
632 text;1261;<br>1</br>
633 text;1263;<br>1</br>
634 text;1265;<br>1</br>
635 text;1267;<br>1</br>
636 text;1269;<br>1</br>
637 text;1271;<br>1</br>
638 text;1273;<br>1</br>
639 text;1275;<br>1</br>
640 text;1277;<br>1</br>
641 text;1279;<br>1</br>
642 text;1281;<br>1</br>
643 text;1283;<br>1</br>
644 text;1285;<br>1</br>
645 text;1287;<br>1</br>
646 text;1289;<br>1</br>
647 text;1291;<br>1</br>
648 text;1293;<br>1</br>
649 text;1295;<br>1</br>
650 text;1297;<br>1</br>
651 text;1299;<br>1</br>
652 text;1301;<br>1</br>
653 text;1303;<br>1</br>
654 text;1305;<br>1</br>
655 text;1307;<br>1</br>
656 text;1309;<br>1</br>
657 text;1311;<br>1</br>
658 text;1313;<br>1</br>
659 text;1315;<br>1</br>
660 text;1317;<br>1</br>
661 text;1319;<br>1</br>
662 text;1321;<br>1</br>
663 text;1323;<br>1</br>
664 text;1325;<br>1</br>
665 text;1327;<br>1</br>
666 text;1329;<br>1</br>
667 text;1331;<br>1</br>
668 text;1333;<br>1</br>
669 text;1335;<br>1</br>
670 text;1337;<br>1</br>
671 text;1339;<br>1</br>
672 text;1341;<br>1</br>
673 text;1343;<br>1</br>
674 text;1345;<br>1</br>
675 text;1347;<br>1</br>
676 text;1349;<br>1</br>
677 text;1351;<br>1</br>
678 text;1353;<br>1</br>
679 text;1355;<br>1</br>
680 text;1357;<br>1</br>
681 text;1359;<br>1</br>
682 text;1361;<br>1</br>
683 text;1363;<br>1</br>
684 text;1365;<br>1</br>
685 text;1367;<br>1</br>
686 text;1369;<br>1</br>
687 text;1371;<br>1</br>
688 text;1373;<br>1</br>
689 text;1375;<br>1</br>
690 text;1377;<br>1</br>
691 text;1379;<br>1</br>
692 text;1381;<br>1</br>
693 text;1383;<br>1</br>
694 text;1385;<br>1</br>
695 text;1387;<br>1</br>
696 text;1389;<br>1</br>
697 text;1391;<br>1</br>
698 text;1393;<br>1</br>
699 text;1395;<br>1</br>
700 text;1397;<br>1</br>
701 text;1399;<br>1</br>
702 text;1401;<br>1</br>
703 text;1403;<br>1</br>
704 text;1405;<br>1</br>
705 text;1407;<br>1</br>
706 text;1409;<br>1</br>
707 text;1411;<br>1</br>
708 text;1413;<br>1</br>
709 text;1415;<br>1</br>
710 text;1417;<br>1</br>
711 text;1419;<br>1</br>
712 text;1421;<br>1</br>
713 text;1423;<br>1</br>
714 text;1425;<br>1</br>
715 text;1427;<br>1</br>
716 text;1429;<br>1</br>
717 text;1431;<br>1</br>
718 text;1433;<br>1</br>
719 text;1435;<br>1</br>
720 text;1437;<br>1</br>
721 text;1439;<br>1</br>
722 text;1441;<br>1</br>
723 text;1443;<br>1</br>
724 text;1445;<br>1</br>
725 text;1447;<br>1</br>
726 text;1449;<br>1</br>
727 text;1451;<br>1</br>
728 text;1453;<br>1</br>
729 text;1455;<br>1</br>
730 text;1457;<br>1</br>
731 text;1459;<br>1</br>
732 text;1461;<br>1</br>
733 text;1463;<br>1</br>
734 text;1465;<br>1</br>
735 text;1467;<br>1</br>
736 text;1469;<br>1</br>
737 text;1471;<br>1</br>
738 text;1473;<br>1</br>
739 text;1475;<br>1</br>
740 text;1477;<br>1</br>
741 text;1479;<br>1</br>
742 text;1481;<br>1</br>
743 text;1483;<br>1</br>
744 text;1485;<br>1</br>
745 text;1487;<br>1</br>
746 text;1489;<br>1</br>
747 text;1491;<br>1</br>
748 text;1493;<br>1</br>
749 text;1495;<br>1</br>
750 text;1497;<br>1</br>
751 text;1499;<br>1</br>
752 text;1501;<br>1</br>
753 text;1503;<br>1</br>
754 text;1505;<br>1</br>
755 text;1507;<br>1</br>
756 text;1509;<br>1</br>
757 text;1511;<br>1</br>
758 text;1513;<br>1</br>
759 text;1515;<br>1</br>
760 text;1517;<br>1</br>
761 text;1519;<br>1</br>
762 text;1521;<br>1</br>
763 text;1523;<br>1</br>
764 text;1525;<br>1</br>
765 text;1527;<br>1</br>
766 text;1529;<br>1</br>
767 text;1531;<br>1</br>
768 text;1533;<br>1</br>
769 text;1535;<br>1</br>
770 text;1537;<br>1</br>
771 text;1539;<br>1</br>
772 text;1541;<br>1</br>
773 text;1543;<br>1</br>
774 text;1545;<br>1</br>
775 text;1547;<br>1</br>
776 text;1549;<br>1</br>
777 text;1551;<br>1</br>
778 text;1553;<br>1</br>
779 text;1555;<br>1</br>
780 text;1557;<br>1</br>
781 text;1559;<br>1</br>
782 text;1561;<br>1</br>
783 text;1563;<br>1</br>
784 text;1565;<br>1</br>
785 text;1567;<br>1</br>
786 text;1569;<br>1</br>
787 text;1571;<br>1</br>
788 text;1573;<br>1</br>
789 text;1575;<br>1</br>
790 text;1577;<br>1</br>
791 text;1579;<br>1</br>
792 text;1581;<br>1</br>
793 text;1583;<br>1</br>
794 text;1585;<br>1</br>
795 text;1587;<br>1</br>
796 text;1589;<br>1</br>
797 text;1591;<br>1</br>
798 text;1593;<br>1</br>
799 text;1595;<br>1</br>
800 text;1597;<br>1</br>
801 text;1599;<br>1</br>
802 text;1601;<br>1</br>
803 text;1603;<br>1</br>
804 text;1605;<br>1</br>
805 text;1607;<br>1</br>
806 text;1609;<br>1</br>
807 text;1611;<br>1</br>
808 text;1613;<br>1</br>
809 text;1615;<br>1</br>
810 text;1617;<br>1</br>
811 text;1619;<br>1</br>
812 text;1621;<br>1</br>
813 text;1623;<br>1</br>
814 text;1625;<br>1</br>
815 text;1627;<br>1</br>
816 text;1629;<br>1</br>
817 text;1631;<br>1</br>
818 text;1633;<br>1</br>
819 text;1635;<br>1</br>
820 text;1637;<br>1</br>
821 text;1639;<br>1</br>
822 text;1641;<br>1</br>
823 text;1643;<br>1</br>
824 text;1645;<br>1</br>
825 text;1647;<br>1</br>
826 text;1649;<br>1</br>
827 text;1651;<br>1</br>
828 text;1653;<br>1</br>
829 text;1655;<br>1</br>
830 text;1657;<br>1</br>
831 text;1659;<br>1</br>
832 text;1661;<br>1</br>
833 text;1663;<br>1</br>
834 text;1665;<br>1</br>
835 text;1667;<br>1</br>
836 text;1669;<br>1</br>
837 text;1671;<br>1</br>
838 text;1673;<br>1</br>
839 text;1675;<br>1</br>
840 text;1677;<br>1</br>
841 text;1679;<br>1</br>
842 text;1681;<br>1</br>
843 text;1683;<br>1</br>
844 text;1685;<br>1</br>
845 text;1687;<br>1</br>
846 text;1689;<br>1</br>
847 text;1691;<br>1</br>
848 text;1693;<br>1</br>
849 text;1695;<br>1</br>
850 text;1697;<br>1</br>
851 text;1699;<br>1</br>
852 text;1701;<br>1</br>
853 text;1703;<br>1</br>
854 text;1705;<br>1</br>
855 text;1707;<br>1</br>
856 text;1709;<br>1</br>
857 text;1711;<br>1</br>
858 text;1713;<br>1</br>
859 text;1715;<br>1</br>
860 text;1717;<br>1</br>
861 text;1719;<br>1</br>
862 text;1721;<br>1</br>
863 text;1723;<br>1</br>
864 text;1725;<br>1</br>
865 text;1727;<br>1</br>
866 text;1729;<br>1</br>
867 text;1731;<br>1</br>
868 text;1733;<br>1</br>
869 text;1735;<br>1</br>
870 text;1737;<br>1</br>
871 text;1739;<br>1</br>
872 text;1741;<br>1</br>
873 text;1743;<br>1</br>
874 text;1745;<br>1</br>
875 text;1747;<br>1</br>
876 text;1749;<br>1</br>
877 text;1751;<br>1</br>
878 text;1753;<br>1</br>
879 text;1755;<br>1</br>
880 text;1757;<br>1</br>
881 text;1759;<br>1</br>
882 text;1761;<br>1</br>
883 text;1763;<br>1</br>
884 text;1765;<br>1</br>
885 text;1767;<br>1</br>
886 text;1769;<br>1</br>
887 text;1771;<br>1</br>
888 text;1773;<br>1</br>
889 text;1775;<br>1</br>
890 text;1777;<br>1</br>
891 text;1779;<br>1</br>
892 text;1781;<br>1</br>
893 text;1783;<br>1</br>
894 text;1785;<br>1</br>
895 text;1787;<br>1</br>
896 text;1789;<br>1</br>
897 text;1791;<br>1</br>
898 text;1793;<br>1</br>
899 text;1795;<br>1</br>
900 text;1797;<br>1</br>
901 text;1799;<br>1</br>
902 text;1801;<br>1</br>
903 text;1803;<br>1</br>
904 text;1805;<br>1</br>
905 text;1807;<br>1</br>
906 text;1809;<br>1</br>
907 text;1811;<br>1</br>
908 text;1813;<br>1</br>
909 text;1815;<br>1</br>
910 text;1817;<br>1</br>
911 text;1819;<br>1</br>
912 text;1821;<br>1</br>
913 text;1823;<br>1</br>
914 text;1825;<br>1</br>
915 text;1827;<br>1</br>
916 text;1829;<br>1</br>
917 text;1831;<br>1</br>
918 text;1833;<br>1</br>
919 text;1835;<br>1</br>
920 text;1837;<br>1</br>
921 text;1839;<br>1</br>
922 text;1841;<br>1</br>
923 text;1843;<br>1</br>
924 text;1845;<br>1</br>
925 text;1847;<br>1</br>
926 text;1849;<br>1</br>
927 text;1851;<br>1</br>
928 text;1853;<br>1</br>
929 text;1855;<br>1</br>
930 text;1857;<br>1</br>
931 text;1859;<br>1</br>
932 text;1861;<br>1</br>
933 text;1863;<br>1</br>
934 text;1865;<br>1</br>
935 text;1867;<br>1</br>
936 text;1869;<br>1</br>
937 text;1871;<br>1</br>
938 text;1873;<br>1</br>
939 text;1875;<br>1</br>
940 text;1877;<br>1</br>
941 text;1879;<br>1</br>
942 text;1881;<br>1</br>
943 text;1883;<br>1</br>
944 text;1885;<br>1</br>
945 text;1887;<br>1</br>
946 text;1889;<br>1</br>
947 text;1891;<br>1</br>
948 text;1893;<br>1</br>
949 text;1895;<br>1</br>
950 text;1897;<br>1</br>
951 text;1899;<br>1</br>
952 text;1901;<br>1</br>
953 text;1903;<br>1</br>
954 text;1905;<br>1</br>
955 text;1907;<br>1</br>
956 text;1909;<br>1</br>
957 text;1911;<br>1</br>
958 text;1913;<br>1</br>
959 text;1915;<br>1</br>
960 text;1917;<br>1</br>
961 text;1919;<br>1</br>
962 text;1921;<br>1</br>
963 text;1923;<br>1</br>
964 text;1925;<br>1</br>
965 text;1927;<br>1</br>
966 text;1929;<br>1</br>
967 text;1931;<br>1</br>
968 text;1933;<br>1</br>
969 text;1935;<br>1</br>
970 text;1937;<br>1</br>
971 text;1939;<br>1</br>
972 text;1941;<br>1</br>
973 text;1943;<br>1</br>
974 text;1945;<br>1</br>
975 text;1947;<br>1</br>
976 text;1949;<br>1</br>
977 text;1951;<br>1</br>
978 text;1953;<br>1</br>
979 text;1955;<br>1</br>
980 text;1957;<br>1</br>
981 text;1959;<br>1</br>
982 text;1961;<br>1</br>
983 text;1963;<br>1</br>
984 text;1965;<br>1</br>
985 text;1967;<br>1</br>
986 text;1969;<br>1</br>
987 text;1971;<br>1</br>
988 text;1973;<br>1</br>
989 text;1975;<br>1</br>
990 text;1977;<br>1</br>
991 text;1979;<br>1</br>
992 text;1981;<br>1</br>
993 text;1983;<br>1</br>
994 text;1985;<br>1</br>
995 text;1987;<br>1</br>
996 text;1989;<br>1</br>
997 text;1991;<br>1</br>
998 text;1993;<br>1</br>
999 text;1995;<br>1</br>
1000 text;1997;<br>1</br>
1001 text;1999;<br>1</br>
1002 text;2001;<br>1</br>
1003 text;2003;<br>1</br>
1004 text;2005;<br>1</br>
1005 text;2007;<br>1</br>
1006 text;2009;<br>1</br>
1007 text;2011;<br>1</br>
1008 text;2013;<br>1</br>
1009 text;2015;<br>1</br>
1010 text;2017;<br>1</br>
1011 text;2019;<br>1</br>
1012 text;2021;<br>1</br>
1013 text;2023;<br>1</br>
1014 text;2025;<br>1</br>
1015 text;2027;<br>1</br>
1016 text;2029;<br>1</br>
1017 text;2031;<br>1</br>
1018 text;2033;<br>1</br>
1019 text;2035;<br>1</br>
1020 text;2037;<br>1</br>
1021 text;2039;<br>1</br>
1022 text;2041;<br>1</br>
1023 text;2043;<br>1</br>
1024 text;2045;<br>1</br>
1025 text;2047;<br>1</br>
1026 text;2049;<br>1</br>
1027 text;2051;<br>1</br>
1028 text;2053;<br>1</br>
1029 text;2055;<br>1</br>
1030 text;2057;<br>1</br>
1031 text;2059;<br>1</br>
1032 text;2061;<br>1</br>
1033 text;2063;<br>1</br>
1034 text;2065;<br>1</br>
1035 text;2067;<br>1</br>
1036 text;2069;<br>1</br>
1037 text;2071;<br>1</br>
1038 text;2073;<br>1</br>
1039 text;2075;<br>1</br>
1040 text;2077;<br>1</br>
1041 text;2079;<br>1</br>
1042 text;2081;<br>1</br>
1043 text;2083;<br>1</br>
1044 text;2085;<br>1</br>
1045 text;2087;<br>1</br>
1046 text;2089;<br>1</br>
1047 text;2091;<br>1</br>
1048 text;2093;<br>1</br>
1049 text;2095;<br>1</br>
1050 text;2097;<br>1</br>
1051 text;2099;<br>1</br>
1052 text;2101;<br>1</br>
1053 text;2103;<br>1</br>
1054 text;2105;<br>1</br>
1055 text;2107;<br>1</br>
1056 text;2109;<br>1</br>
1057 text;2111;<br>1</br>
1058 text;2113;<br>1</br>
1059 text;2115;<br>1</br>
1060 text;2117;<br>1</br>
1061 text;2119;<br>1</br>
1062 text;2121;<br>1</br>
1063 text;2123;<br>1</br>
1064 text;2125;<br>1</br>
1065 text;2127;<br>1</br>
1066 text;2129;<br>1</br>
1067 text;2131;<br>1</br>
1068 text;2133;<br>1</br>
1069 text;2135;<br>1</br>
1070 text;2137;<br>1</br>
1071 text;2139;<br>1</br>
1072 text;2141;<br>1</br>
1073 text;2143;<br>1</br>
1074 text;2145;<br>1</br>
1075 text;2147;<br>1</br>
1076 text;2149;<br>1</br>
1077 text;2151;<br>1</br>
1078 text;2153;<br>1</br>
1079 text;2155;<br>1</br>
1080 text;2157;<br>1</br>
1081 text;2159;<br>1</br>
1082 text;2161;<br>1</br>
1083 text;2163;<br>1</br>
1084 text;2165;<br>1</br>
1085 text;2167;<br>1</br>
1086 text;2169;<br>1</br>
1087 text;2171;<br>1</br>
1088 text;2173;<br>1</br>
1089 text;2175;<br>1</br>
1090 text;2177;<br>1</br>
1091 text;2179;<br>1</br>
1092 text;2181;<br>1</br>
1093 text;2183;<br>1</br>
1094 text;2185;<br>1</br>
1095 text;2187;<br>1</br>
1096 text;2189;<br>1</br>
1097 text;2191;<br>1</br>
1098 text;2193;<br>1</br>
1099 text;2195;<br>1</br>
1100 text;2197;<br>1</br>
1101 text;2199;<br>1</br>
1102 text;2201;<br>1</br>
1103 text;2203;<br>1</br>
1104 text;2205;<br>1</br>
1105 text;2207;<br>1</br>
1106 text;2209;<br>1</br>
1107 text;2211;<br>1</br>
1108 text;2213;<br>1</br>
1109 text;2215;<br>1</br>
1110 text;2217;<br>1</br>
1111 text;2219;<br>1</br>
1112 text;2221;<br>1</br>
1113 text;2223;<br>1</br>
1114 text;2225;<br>1</br>
1115 text;2227;<br>1</br>
1116 text;2229;<br>1</br>
1117 text;2231;<br>1</br>
1118 text;2233;<br>1</br>
1119 text;2235;<br>1</br>
1120 text;2237;<br>1</br>
1121 text;2239;<br>1</br>
1122 text;2241;<br>1</br>
1123 text;2243;<br>1</br>
1124 text;2245;<br>1</br>
1125 text;2247;<br>1</br>
1126 text;2249;<br>1</br>
1127 text;2251;<br>1</br>
1128 text;2253;<br>1</br>
1129 text;2255;<br>1</br>
1130 text;2257;<br>1</br>
1131 text;2259;<br>1</br>
1132 text;2261;<br>1</br>
1133 text;2263;<br>1</br>
1134 text;2265;<br>1</br>
1135 text;2267;<br>1</br>
1136 text;2269;<br>1</br>
1137 text;2271;<br>1</br>
1138 text;2273;<br>1</br>
1139 text;2275;<br>1</br>
1140 text;2277;<br>1</br>
1141 text;2279;<br>1</br>
1142 text;2281;<br>1</br>
1143 text;2283;<br>1</br>
1144 text;2285;<br>1</br>
1145 text;2287;<br>1</br>
1146 text;2289;<br>1</br>
1147 text;2291;<br>1</br>
1148 text;2293;<br>1</br>
1149 text;2295;<br>1</br>
1150 text;2297;<br>1</br>
1151 text;2299;<br>1</br>
1152 text;2301;<br>1</br>
1153 text;2303;<br>1</br>
1154 text;2305;<br>1</br>
1155 text;2307;<br>1</br>
1156 text;2309;<br>1</br>
1157 text;2311;<br>1</br>
1158 text;2313;<br>1</br>
1159 text;2315;<br>1</br>
1160 text;2317;<br>1</br>
1161 text;2319;<br>1</br>
1162 text;2321;<br>1</br>
1163 text;2323;<br>1</br>
1164 text;2325;<br>1</br>
1165 text;2327;<br>1</br>
1166 text;2329;<br>1</br>
1167 text;2331;<br>1</br>
1168 text;2333;<br>1</br>
1169 text;2335;<br>1</br>
1170 text;2337;<br>1</br>
1171 text;2339;<br>1</br>
1172 text;2341;<br>1</br>
1173 text;2343;<br>1</br>
1174 text;2345;<br>1</br>
1175 text;2347;<br>1</br>
1176 text;2349;<br>1</br>
1177 text;2351;<br>1</br>
1178 text;2353;<br>1</br>
1179 text;2355;<br>1</br>
1180 text;2357;<br>1</br>
1181 text;2359;<br>1</br>
1182 text;2361;<br>1</br>
1183 text;2363;<br>1</br>
1184 text;2365;<br>1</br>
1185 text;2367;<br>1</br>
1186 text;2369;<br>1</br>
1187 text;2371;<br>1</br>
1188 text;2373;<br>1</br>
1189 text;2375;<br>1</br>
1190 text;2377;<br>1</br>
1191 text;2379;<br>1</br>
1192 text;2381;<br>1</br>
1193 text;2383;<br>1</br>
1194 text;2385;<br>1</br>
1195 text;2387;<br>1</br>
1196 text;2389;<br>1</br>
1197 text;2391;<br>1</br>
1198 text;2393;<br>1</br>
1199 text;2395;<br>1</br>
1200 text;2397;<br>1</br>
1201 text;2399;<br>1</br>
1202 text;2401;<br>1</br>
1203 text;2403;<br>1</br>
1204 text;2405;<br>1</br>
1205 text;2407;<br>1</br>
1206 text;2409;<br>1</br>
1207 text;2411;<br>1</br>
1208 text;2413;<br>1</br>
1209 text;2415;<br>1</br>
1210 text;2417;<br>1</br>
1211 text;2419;<br>1</br>
1212 text;2421;<br>1</br>
1213 text;2423;<br>1</br>
1214 text;2425;<br>1</br>
1215 text;2427;<br>1</br>
1216 text;2429;<br>1</br>
1217 text;2431;<br>1</br>
1218 text;2433;<br>1</br>
1219 text;2435;<br>1</br>
1220 text;2437;<br>1</br>
1221 text;2439;<br>1</br>
1222 text;2441;<br>1</br>
1223 text;2443;<br>1</br>
1224 text;2445;<br>1</br>
1225 text;2447;<br>1</br>
1226 text;2449;<br>1</br>
1227 text;2451;<br>1</br>
1228 text;2453;<br>1</br>
1229 text;2455;<br>1</br>
1230 text;2457;<br>1</br>
1231 text;2459;<br>1</br>
1232 text;2461;<br>1</br>
1233 text;2463;<br>1</br>
1234 text;2465;<br>1</br>
1235 text;2467;<br>1</br>
1236 text;2469;<br>1</br>
1237 text;2471;<br>1</br>
1238 text;2473;<br>1</br>
1239 text;2475;<br>1</br>
1240 text;2477;<br>1</br>
1241 text;2479;<br>1</br>
1242 text;2481;<br>1</br>
1243 text;2483;<br>1</br>
1244 text;2485;<br>1</br>
1245 text;2487;<br>1</br>
1246 text;2489;<br>1</br>
1247 text;2491;<br>1</br>
1248 text;2493;<br>1</br>
1249 text;2495;<br>1</br>
1250 text;2497;<br>1</br>
1251 text;2499;<br>1</br>
1252 text;2501;<br>1</br>
1253 text;2503;<br>1</br>
1254 text;2505;<br>1</br>
1255 text;2507;<br>1</br>
1256 text;2509;<br>1</br>
1257 text;2511;<br>1</br>
1258 text;2513;<br>1</br>
1259 text;2515;<br>1</br>
1260 text;2517;<br>1</br>
1261 text;2519;<br>1</br>
1262 text;2521;<br>1</br>
1263 text;2523;<br>1</br>
1264 text;2525;<br>1</br>
1265 text;2527;<br>1</br>
1266 text;2529;<br>1</br>
1267 text;2531;<br>1</br>
1268 text;2533;<br>1</br>
1269 text;2535;<br>1</br>
1270 text;2537;<br>1</br>
1271 text;2539;<br>1</br>
1272 text;2541;<br>1</br>
1273 text;2543;<br>1</br>
1274 text;2545;<br>1</br>
1275 text;2547;<br>1</br>
1276 text;2549;<br>1</br>
1277 text;2551;<br>1</br>
1278 text;2553;<br>1</br>
1279 text;2555;<br>1</br>
1280 text;2557;<br>1</br>
1281 text;2559;<br>1</br>
1282 text;2561;<br>1</br>
1283 text;2563;<br>1</br>
1284 text;2565;<br>1</br>
1285 text;2567;<br>1</br>
1286 text;2569;<br>1</br>
1287 text;2571;<br>1</br>
1288 text;2573;<br>1</br>
1289 text;2575;<br>1</br>
1290 text;2577;<br>1</br>
1291 text;2579;<br>1</br>
1292 text;2581;<br>1</br>
1293 text;2583;<br>1</br>
1294 text;2585;<br>1</br>
1295 text;2587;<br>1</br>
1296 text;2589;<br>1</br>
1297 text;2591;<br>1</br>
1298 text;2593;<br>1</br>
1299 text;2595;<br>1</br>
1300 text;2597;<br>1</br>
1301 text;2599;<br>1</br>
1302 text;2601;<br>1</br>
1303 text;2603;<br>1</br>
1304 text;2605;<br>1</br>
1305 text;2607;<br>1</br>
1306 text;2609;<br>1</br>
1307 text;2611;<br>1</br>
1308 text;2613;<br>1</br>
1309 text;2615;<br>1</br>
1310 text;2617;<br>1</br>
1311 text;2619;<br>1</br>
1312 text;2621;<br>1</br>
1313 text;2623;<br>1</br>
1314 text;2625;<br>1</br>
1315 text;2627;<br>1</br>
1316 text;2629;<br>1</br>
1317 text;2631;<br>1</br>
1318 text;2633;<br>1</br>
1319 text;2635;<br>1</br>
1320 text;2637;<br>1</br>
1321 text;2639;<br>1</br>
1322 text;2641;<br>1</br>
1323 text;2643;<br>1</br>
1324 text;2645;<br>1</br>
1325 text;2647;<br>1</br>
1326 text;2649;<br>1</br>
1327 text;2651;<br>1</br>
1328 text;2653;<br>1</br>
1329 text;2655;<br>1</br>
1330 text;2657;<br>1</br>
1331 text;2659;<br>1</br>
1332 text;2661;<br>1</br>
1333 text;2663;<br>1</br>
1334 text;2665;<br>1</br>
1335 text;2667;<br>1</br>
1336 text;2669;<br>1</br>
1337 text;2671;<br>1</br>
1338 text;2673;<br>1</br>
1339 text;2675;<br>1</br>
1340 text;2677;<br>1</br>
1341 text;2679;<br>1</br>
1342 text;2681;<br>1</br>
1343 text;2683;<br>1</br>
1344 text;2685;<br>1</br>
1345 text;2687;<br>1</br>
1346 text;2689;<br>1</br>
1347 text;2691;<br>1</br>
1348 text;2693;<br>1</br>
1349 text;2695;<br>1</br>
1350 text;2697;<br>1</br>
1351 text;2699;<br>1</br>
1352 text;2701;<br>1</br>
1353 text;2703;<br>1</br>
1354 text;2705;<br>1</br>
1355 text;2707;<br>1</br>
1356 text;2709;<br>1</br>
1357 text;2711;<br>1</br>
1358 text;2713;<br>1</br>
1359 text;2715;<br>1</br>
1360 text;2717;<br>1</br>
1361 text;2719;<br>1</br>
1362 text;2721;<br>1</br>
1363 text;2723;<br>1</br>
1364 text;2725;<br>1</br>
1365 text;2727;<br>1</br>
1366 text;2729;<br>1</br>
1367 text;2731;<br>1</br>
1368 text;2733;<br>1</br>
1369 text;2735;<br>1</br>
1370 text;2737;<br>1</br>
1371 text;2739;<br>1</br>
1372 text;2741;<br>1</br>
1373 text;2743;<br>1</br>
1374 text;2745;<br>1</br>
1375 text;2747;<br>1</br>
1376 text;2749;<br>1</br>
1377 text;2751;<br>1</br>
1378 text;2753;<br>1</br>
1379 text;2755;<br>1</br>
1380 text;2757;<br>1</br>
1381 text;2759;<br>1</br>
1382 text;2761;<br>1</br>
1383 text;2763;<br>1</br>
1384 text;2765;<br>1</br>
1385 text;2767;<br>1</br>
1386 text;2769;<br>1</br>
1387 text;2771;<br>1</br>
1388 text;2773;<br>1</br>
1389 text;2775;<br>1</br>
1390 text;2777;<br>1</br>
1391 text;2779;<br>1</br>
1392 text;2781;<br>1</br>
1393 text;2783;<br>1</br>
1394 text;2785;<br>1</br>
1395 text;2787;<br>1</br>
1396 text;2789;<br>1</br>
1397 text;2791;<br>1</br>
1398 text;2793;<br>1</br>
1399 text;2795;<br>1</br>
1400 text;2797;<br>1</br>
1401 text;2799;<br>1</br>
1402 text;2801;<br>1</br>
1403 text;2803;<br>1</br>
1404 text;2805;<br>1</br>
1405 text;2807;<br>1</br>
1406 text;2809;<br>1</br>
1407 text;2811;<br>1</br>
1408 text;2813;<br>1</br>
1409 text;2815;<br>1</br>
1410 text;2817;<br>1</br>
1411 text;2819;<br>1</br>
1412 text;2821;<br>1</br>
1413 text;2823;<br>1</br>
1414 text;2825;<br>1</br>
1415 text;2827;<br>1</br>
1416 text;2829;<br>1</br>
1417 text;2831;<br>1</br>
1418 text;2833;<br>1</br>
1419 text;2835;<br>1</br>
1420 text;2837;<br>1</br>
1421 text;2839;<br>1</br>
1422 text;2841;<br>1</br>
1423 text;2843;<br>1</br>
1424 text;2845;<br>1</br>
1425 text;2847;<br>1</br>
1426 text;2849;<br>1</br>
1427 text;2851;<br>1</br>
1428 text;2853;<br>1</br>
1429 text;2855;<br>1</br>
1430 text;2857;<br>1</br>
1431 text;2859;<br>1</br>
1432 text;2861;<br>1</br>
1433 text;2863;<br>1</br>
1434 text;2865;<br>1</br>
1435 text;2867;<br>1</br>
1436 text;2869;<br>1</br>
1437 text;2871;<br>1</br>
1438 text;2873;<br>1</br>
1439 text;2875;<br>1</br>
1440 text;2877;<br>1</br>
1441 text;2879;<br>1</br>
1442 text;2881;<br>1</br>
1443 text;2883;<br>1</br>
1444 text;2885;<br>1</br>
1445 text;2887;<br>1</br>
1446 text;2889;<br>1</br>
1447 text;2891;<br>1</br>
1448 text;2893;<br>1</br>
1449 text;2895;<br>1</br>
1450 text;2897;<br>1</br>
1451 text;2899;<br>1</br>
1452 text;2901;<br>1</br>
1453 text;2903;<br>1</br>
1454 text;2905;<br>1</br>
1455 text;2907;<br>1</br>
1456 text;2909;<br>1</br>
1457 text;2911;<br>1</br>
1458 text;2913;<br>1</br>
1459 text;2915;<br>1</br>
1460 text;2917;<br>1</br>
1461 text;2919;<br>1</br>
1462 text;2921;<br>1</br>
1463 text;2923;<br>1</br>
1464 text;2925;<br>1</br>
1465 text;2927;<br>1</br>
1466 text;2929;<br>1</br>
1467 text;2931;<br>1</br>
1468 text;2933;<br>1</br>
1469 text;2935;<br>1</br>
1470 text;2937;<br>1</br>
1471 text;2939;<br>1</br>
1472 text;2941;<br>1</br>
1473 text;2943;<br>1</br>
1474 text;2945;<br>1</br>
1475 text;2947;<br>1</br>
1476 text;2949;<br>1</br>
1477 text;2951;<br>1</br>
1478 text;2953;<br>1</br>
1479 text;2955;<br>1</br>
1480 text;2957;<br>1</br>
1481 text;2959;<br>1</br>
1482 text;2961;<br>1</br>
1483 text;2963;<br>1</br>
1484 text;2965;<br>1</br>
1485 text;2967;<br>1</br>
1486 text;2969;<br>1</br>
1487 text;2971;<br>1</br>
1488 text;2973;<br>1</br>
1489 text;2975;<br>1</br>
1490 text;2977;<br>1</br>
1491 text;2979;<br>1</br>
1492 text;2981;<br>1</br>
1493 text;2983;<br>1</br>
1494 text;2985;<br>1</br>
1495 text;2987;<br>1</br>
1496 text;2989;<br>1</br>
1497 text;2991;<br>1</br>
1498 text;2993;<br>1</br>
1499 text;2995;<br>1</br>
1500 text;2997;<br>1</br>
1501 text;2999;<br>1</br>
1502 text;3001;<br>1</br>
1503 text;3003;<br>1</br>
1504 text;3005;<br>1</br>
1505 text;3007;<br>1</br>
1506 text;3009;<br>1</br>
1507 text;3011;<br>1</br>
1508 text;3013;<br>1</br>
1509 text;3015;<br>1</br>
1510 text;3017;<br>1</br>
1511 text;3019;<br>1</br>
1512 text;3021;<br>1</br>
1513 text;3023;<br>1</br>
1514 text;3025;<br>1</br>
1515 text;3027;<br>1</br>
1516 text;3029;<br>1</br>
1517 text;3031;<br>1</br>
1518 text;3033;<br>1</br>
1519 text;3035;<br>1</br>
1520 text;3037;<br>1</br>
1521 text;3039;<br>1</br>
1522 text;3041;<br>1</br>
1523 text;3043;<br>1</br>
1524 text;3045;<br>1</br>
1525 text;3047;<br>1</br>
1526 text;3049;<br>1</br>
1527 text;3051;<br>1</br>
1528 text;3053;<br>1</br>
1529 text;3055;<br>1</br>
1530 text;3057;<br>1</br>
û;û;û
